"id","date","lessonId","attendances"
"3","2024-01-12","3","[Attendance(id=5, student=Student(indexNumber=1005, surname=Lewandowski, name=Kamil), isAttendance=NOT_PRESENT, activity=1, attendanceList=pl.ros1yn.attendancesoftware.attendance_list.model.AttendanceList@2ae230c7), Attendance(id=6, student=Student(indexNumber=1006, surname=Wójcik, name=Monika), isAttendance=PRESENT, activity=3, attendanceList=pl.ros1yn.attendancesoftware.attendance_list.model.AttendanceList@2ae230c7)]"
"4","2024-02-13","4","[Attendance(id=8, student=Student(indexNumber=1008, surname=Zielińska, name=Karolina), isAttendance=NOT_PRESENT, activity=2, attendanceList=pl.ros1yn.attendancesoftware.attendance_list.model.AttendanceList@467b0a76), Attendance(id=18, student=Student(indexNumber=1009, surname=Szymański, name=Tomasz), isAttendance=EXEMPT, activity=3, attendanceList=pl.ros1yn.attendancesoftware.attendance_list.model.AttendanceList@467b0a76)]"
"5","2024-02-14","5","[Attendance(id=9, student=Student(indexNumber=1009, surname=Szymański, name=Tomasz), isAttendance=EXEMPT, activity=4, attendanceList=pl.ros1yn.attendancesoftware.attendance_list.model.AttendanceList@2aae17d1), Attendance(id=10, student=Student(indexNumber=1010, surname=Woźniak, name=Marta), isAttendance=NOT_PRESENT, activity=3, attendanceList=pl.ros1yn.attendancesoftware.attendance_list.model.AttendanceList@2aae17d1)]"
"23","2025-02-19","5","[Attendance(id=20, student=Student(indexNumber=162553, surname=Kwiatkowski, name=Mateusz), isAttendance=EXEMPT, activity=2, attendanceList=pl.ros1yn.attendancesoftware.attendance_list.model.AttendanceList@b0f0ca0), Attendance(id=21, student=Student(indexNumber=1009, surname=Szymański, name=Tomasz), isAttendance=PRESENT, activity=0, attendanceList=pl.ros1yn.attendancesoftware.attendance_list.model.AttendanceList@b0f0ca0)]"
"24","2025-02-19","5","[Attendance(id=22, student=Student(indexNumber=1008, surname=Zielińska, name=Karolina), isAttendance=EXEMPT, activity=2, attendanceList=pl.ros1yn.attendancesoftware.attendance_list.model.AttendanceList@4b675173), Attendance(id=23, student=Student(indexNumber=62687, surname=Gryczka, name=Łukasz), isAttendance=NOT_PRESENT, activity=0, attendanceList=pl.ros1yn.attendancesoftware.attendance_list.model.AttendanceList@4b675173)]"
"25","2025-02-19","5","[Attendance(id=24, student=Student(indexNumber=1008, surname=Zielińska, name=Karolina), isAttendance=EXEMPT, activity=4, attendanceList=pl.ros1yn.attendancesoftware.attendance_list.model.AttendanceList@617837f0), Attendance(id=25, student=Student(indexNumber=62687, surname=Gryczka, name=Łukasz), isAttendance=PRESENT, activity=0, attendanceList=pl.ros1yn.attendancesoftware.attendance_list.model.AttendanceList@617837f0)]"
"26","2024-02-03","2","[Attendance(id=26, student=Student(indexNumber=1001, surname=Kowalski, name=Jan), isAttendance=EXEMPT, activity=2, attendanceList=pl.ros1yn.attendancesoftware.attendance_list.model.AttendanceList@6f57ccb8), Attendance(id=27, student=Student(indexNumber=1002, surname=Nowak, name=Anna), isAttendance=PRESENT, activity=0, attendanceList=pl.ros1yn.attendancesoftware.attendance_list.model.AttendanceList@6f57ccb8)]"
"27","2024-02-03","2","[Attendance(id=28, student=Student(indexNumber=1001, surname=Kowalski, name=Jan), isAttendance=EXEMPT, activity=5, attendanceList=pl.ros1yn.attendancesoftware.attendance_list.model.AttendanceList@57511530), Attendance(id=29, student=Student(indexNumber=1002, surname=Nowak, name=Anna), isAttendance=NOT_PRESENT, activity=0, attendanceList=pl.ros1yn.attendancesoftware.attendance_list.model.AttendanceList@57511530)]"
"28","2025-03-03","6","[Attendance(id=30, student=Student(indexNumber=1004, surname=Dąbrowski, name=Ewa), isAttendance=NOT_PRESENT, activity=4, attendanceList=pl.ros1yn.attendancesoftware.attendance_list.model.AttendanceList@4fe70c47), Attendance(id=31, student=Student(indexNumber=1005, surname=Lewandowski, name=Kamil), isAttendance=PRESENT, activity=0, attendanceList=pl.ros1yn.attendancesoftware.attendance_list.model.AttendanceList@4fe70c47)]"
"29","2025-03-03","6","[]"
"30","2025-03-03","6","[]"
"31","2025-03-03","6","[]"
"32","2025-05-04","4","[]"
"33","2025-05-04","4","[Attendance(id=32, student=Student(indexNumber=1009, surname=Szymański, name=Tomasz), isAttendance=NOT_PRESENT, activity=0, attendanceList=pl.ros1yn.attendancesoftware.attendance_list.model.AttendanceList@7495403c), Attendance(id=33, student=Student(indexNumber=1008, surname=Zielińska, name=Karolina), isAttendance=EXEMPT, activity=3, attendanceList=pl.ros1yn.attendancesoftware.attendance_list.model.AttendanceList@7495403c), Attendance(id=36, student=Student(indexNumber=1009, surname=Szymański, name=Tomasz), isAttendance=NOT_PRESENT, activity=0, attendanceList=pl.ros1yn.attendancesoftware.attendance_list.model.AttendanceList@7495403c)]"
